<?xml version="1.0" encoding="utf-8" standalone="yes"?>
<rss version="2.0" xmlns:atom="http://www.w3.org/2005/Atom">
  <channel>
    <title>Carrie Rennolds. on Carrie Rennolds</title>
    <link>http://carrierennolds.com/</link>
    <description>Recent content in Carrie Rennolds. on Carrie Rennolds</description>
    <generator>Hugo -- gohugo.io</generator>
    <language>en-us</language>
    
	<atom:link href="http://carrierennolds.com/index.xml" rel="self" type="application/rss+xml" />
    
    
  </channel>
</rss>